LabelID,Mean,StdD,Max,Min,Count,Vol(mm^3),Extent_X,Extent_Y,Extent_Z
0,0.34005,0.47718,1.5884,0.0,21585257,11051693.249,240,300,300
1,0.73065,0.05447,0.8175,0.6384,20,10.24,2,7,3
2,0.778,0.12308,0.9869,0.5706,21,10.752,6,3,5
3,0.6312,0.07866,0.8687,0.5296,27,13.824,5,8,3
4,0.85198,0.04763,0.9253,0.7633,27,13.824,3,5,3
5,0.75101,0.08819,0.9397,0.4916,30,15.36,6,9,4
6,0.55946,0.04274,0.6264,0.4608,34,17.408,5,4,5
7,0.84919,0.03419,0.9087,0.778,36,18.432,3,6,4
8,0.77682,0.07024,0.9133,0.6748,37,18.944,5,6,3
9,0.67541,0.04532,0.7914,0.6081,39,19.968,5,4,5
10,0.79958,0.06117,0.9474,0.6966,40,20.48,8,4,5
11,0.67262,0.09519,0.8542,0.5027,44,22.528,11,4,4
12,0.76438,0.07671,0.9057,0.6456,53,27.136,7,5,4
13,0.74699,0.10529,0.9349,0.5701,64,32.768,9,5,4
14,0.90675,0.0201,0.9707,0.8757,71,36.352,7,5,12
15,0.85816,0.05367,0.9441,0.7067,81,41.472,7,31,5
16,0.67142,0.14636,0.9568,0.4133,86,44.032,4,7,6
17,0.59034,0.1343,0.8615,0.1978,124,63.488,5,8,7
18,0.65822,0.10125,0.894,0.478,149,76.288,5,9,7
19,0.7593,0.09149,0.9121,0.5918,163,83.456,6,7,8
20,0.76716,0.08051,0.9792,0.6209,189,96.768,12,12,5
21,0.64534,0.09984,0.9384,0.482,210,107.52,7,20,16
22,0.69084,0.13102,0.9521,0.3881,237,121.344,16,19,21
23,0.87451,0.10095,1.0242,0.5096,246,125.952,13,17,7
24,0.67436,0.11794,0.9007,0.4164,251,128.512,15,11,11
25,0.62386,0.09929,0.9566,0.4533,284,145.409,9,22,16
26,0.7211,0.07548,0.9252,0.5725,328,167.937,6,9,15
27,0.64557,0.12851,0.9595,0.4194,365,186.881,15,7,8
28,0.6218,0.09973,0.9636,0.439,544,278.529,8,29,17
29,0.66593,0.13666,0.963,0.2997,744,380.929,21,41,19
30,0.65562,0.16935,1.056,0.3642,1234,631.81,16,18,20
31,0.59328,0.14479,1.0085,0.264,1971,1009.156,20,79,29
32,0.63863,0.13531,1.013,0.2048,2828,1447.941,23,81,35
33,0.63284,0.12555,1.0566,0.2184,4166,2133.0,24,97,35
