,R²,Adj. R²,MSE,F,df1,df2,p-value
,0.5249350703412743,0.5163863441006289,0.48025396747854626,71.82340232248738,6,390,1.1102230246251565e-16
