,R²,Adj. R²,MSE,F,df1,df2,p-value
,0.28249457337844,0.267700647056346,0.7322613222847284,21.879454041531904,7,389,1.1102230246251565e-16
