ind,dist
2,4.079217910766602
4,6.144927978515625
5,10.881211280822754
6,9.363773345947266
7,10.762900352478027
8,8.541664123535156
9,18.33031463623047
10,15.839193344116211
11,12.470782279968262
12,9.329524040222168
13,13.410449981689453
14,10.055845260620117
26,6.499259948730469
27,5.122552394866943
28,20.83097267150879
29,10.851828575134277
30,11.482226371765137
31,15.450724601745605
32,18.434751510620117
