index,dose
2,22.664687290219746
4,26.20308323641097
5,8.79583635421153
6,85.54646285892628
7,53.19890583234715
8,211.57676009480582
9,11.23295695137143
10,8.388345753970318
11,16.232030635759653
12,55.126430608843314
13,2.8119525380928185
14,2.8576420830425056
26,9.361719269485839
27,100.99012854170678
28,35.685789315459544
29,14.674043591447399
30,9.879144899286876
31,77.33519192017442
32,13.39777338278388
