index,dose
2,0.2107934313363759
4,0.12531373405430518
5,0.12465383128843233
6,0.18982597835043438
7,0.1971535499988942
8,0.30961798989117434
9,0.10262883672811522
10,0.1371843070284728
11,0.13857039669864257
12,0.16109206818578037
13,0.13390733372704902
14,0.05303758628391354
26,0.03446698281836583
27,0.07826469878747871
28,0.057832617951492526
29,0.06714795291502021
30,0.07643475306443963
31,0.06637907833712547
32,0.08404946743309379
