index,left_exposure
anterior,28.724858833024506
medial,20.141267112536386
posterior,9.640294856483365
ventral,21.00351537676895
